{"chunk_definitions":[{"row":51,"row_count":1,"visible":true,"expansion_state":0,"options":{"engine":"r","label":"q01"},"document_id":"24CC9A11","chunk_id":"c3odnaqgalbx0","chunk_label":"q01"},{"row":62,"row_count":1,"visible":true,"expansion_state":0,"options":{"engine":"r","label":"Q2"},"document_id":"24CC9A11","chunk_id":"cq6hyro4hn243","chunk_label":"Q2"},{"row":73,"row_count":1,"visible":true,"expansion_state":0,"options":{"engine":"r","label":"Q3"},"document_id":"24CC9A11","chunk_id":"cv6zgab6vgd2m","chunk_label":"Q3"}],"doc_write_time":1644460659,"chunk_rendered_width":435}